,year,Country,received,donated,total
278,1992,Poland,9141850218.0,0.0,9141850218.0
274,1992,Kuwait,7406838194.0,6635123.0,7413473317.0
398,1997,Thailand,6371021429.0,0.0,6371021429.0
433,1999,Korea,5783774361.0,0.0,5783774361.0
601,2007,India,5386224705.0,0.0,5386224705.0
272,1992,India,5341953099.0,0.0,5341953099.0
614,2008,India,5044559917.0,0.0,5044559917.0
650,2012,India,4970365576.0,0.0,4970365576.0
385,1997,India,4794906726.0,0.0,4794906726.0
152,1984,India,4584531386.0,0.0,4584531386.0
656,2013,India,4550646147.0,0.0,4550646147.0
193,1987,India,4191375895.0,0.0,4191375895.0
363,1996,India,4151165519.0,0.0,4151165519.0
590,2006,India,4144135136.0,0.0,4144135136.0
316,1994,India,4096778597.0,0.0,4096778597.0
205,1988,India,3844238228.0,0.0,3844238228.0
635,2010,India,3826639675.0,0.0,3826639675.0
445,1999,Thailand,3761639876.0,0.0,3761639876.0
626,2009,India,3706828324.0,0.0,3706828324.0
96,1981,India,3706661088.0,0.0,3706661088.0
14,1974,India,3697747278.0,0.0,3697747278.0
252,1991,India,3660869551.0,0.0,3660869551.0
643,2011,India,3652445742.0,0.0,3652445742.0
345,1995,Poland,3376022477.0,0.0,3376022477.0
579,2005,India,3340560624.0,0.0,3340560624.0
307,1993,Thailand,3338548445.0,0.0,3338548445.0
36,1977,India,3197135157.0,0.0,3197135157.0
221,1989,India,3091093501.0,0.0,3091093501.0
240,1990,Poland,3069497876.0,0.0,3069497876.0
181,1986,India,3003947484.0,0.0,3003947484.0
22,1975,India,3000656166.0,0.0,3000656166.0
69,1980,India,2968245303.0,0.0,2968245303.0
45,1978,India,2927325215.0,0.0,2927325215.0
559,2004,India,2884182630.0,0.0,2884182630.0
121,1982,India,2822105457.0,0.0,2822105457.0
309,1994,Brazil,2807702721.0,0.0,2807702721.0
440,1999,Saudi Arabia,2722986716.0,0.0,2722986716.0
340,1995,India,2704173002.0,0.0,2704173002.0
137,1983,India,2653699004.0,0.0,2653699004.0
73,1980,Korea,2625763424.0,0.0,2625763424.0
533,2003,India,2616814261.0,0.0,2616814261.0
223,1989,Poland,2608739881.0,0.0,2608739881.0
333,1995,Brazil,2573830958.0,0.0,2573830958.0
90,1981,Canada,2540405789.0,546970726.0,3087376515.0
408,1998,India,2478951563.0,0.0,2478951563.0
647,2012,Brazil,2443208137.0,0.0,2443208137.0
421,1998,Thailand,2437534353.0,0.0,2437534353.0
506,2002,India,2324315788.0,0.0,2324315788.0
4,1973,India,2285256534.0,0.0,2285256534.0
29,1976,India,2233586413.0,0.0,2233586413.0
480,2001,India,2198367696.0,0.0,2198367696.0
235,1990,India,2036236423.0,0.0,2036236423.0
378,1997,Brazil,2033092975.0,0.0,2033092975.0
430,1999,India,1932216592.0,0.0,1932216592.0
356,1996,Brazil,1902899155.0,0.0,1902899155.0
449,2000,Colombia,1899134643.0,0.0,1899134643.0
263,1991,Thailand,1898189675.0,0.0,1898189675.0
167,1985,India,1837835819.0,0.0,1837835819.0
470,2000,Thailand,1792837766.0,0.0,1792837766.0
243,1990,Thailand,1790643316.0,0.0,1790643316.0
401,1998,Brazil,1758374210.0,0.0,1758374210.0
376,1996,Thailand,1671334558.0,0.0,1671334558.0
100,1981,Korea,1656173571.0,0.0,1656173571.0
53,1979,India,1622748901.0,0.0,1622748901.0
588,2006,Colombia,1617817757.0,0.0,1617817757.0
130,1982,Thailand,1595007194.0,0.0,1595007194.0
473,2001,Brazil,1574635711.0,0.0,1574635711.0
498,2002,Brazil,1545038937.0,0.0,1545038937.0
15,1974,Korea,1455639048.0,0.0,1455639048.0
330,1994,Thailand,1416098158.0,0.0,1416098158.0
244,1991,Brazil,1398521154.0,0.0,1398521154.0
5,1973,Korea,1363706959.0,0.0,1363706959.0
657,2013,South Africa,1350212256.0,0.0,1350212256.0
294,1993,India,1327287513.0,0.0,1327287513.0
423,1999,Brazil,1319316622.0,0.0,1319316622.0
214,1988,Thailand,1297612686.0,0.0,1297612686.0
56,1979,Thailand,1283439829.0,0.0,1283439829.0
628,2009,South Africa,1281799284.0,0.0,1281799284.0
625,2009,Colombia,1279008966.0,0.0,1279008966.0
119,1982,Colombia,1228919949.0,0.0,1228919949.0
523,2002,Thailand,1205361664.0,0.0,1205361664.0
612,2008,Colombia,1190054198.0,6798.0,1190060996.0
111,1981,Thailand,1178204797.0,0.0,1178204797.0
143,1983,Thailand,1165432587.0,0.0,1165432587.0
174,1985,Thailand,1151123605.0,0.0,1151123605.0
161,1985,Brazil,1150188786.0,0.0,1150188786.0
620,2008,South Africa,1148281785.0,0.0,1148281785.0
454,2000,India,1141656334.0,0.0,1141656334.0
159,1984,Thailand,1135099078.0,0.0,1135099078.0
633,2010,Colombia,1128442346.0,106531.0,1128548877.0
447,2000,Brazil,1106359401.0,0.0,1106359401.0
237,1990,Korea,1095572646.0,0.0,1095572646.0
528,2003,Colombia,1086177861.0,0.0,1086177861.0
318,1994,Korea,1076359694.0,0.0,1076359694.0
606,2007,South Africa,1070653291.0,0.0,1070653291.0
631,2010,Brazil,1059210583.0,914681.0,1060125264.0
577,2005,Colombia,1056910201.0,0.0,1056910201.0
358,1996,Colombia,1052281529.0,0.0,1052281529.0
655,2013,Colombia,1039328005.0,0.0,1039328005.0
630,2009,Thailand,1038513059.0,0.0,1038513059.0
89,1981,Brazil,1019510084.0,0.0,1019510084.0
386,1997,Korea,1019452888.0,0.0,1019452888.0
198,1987,Thailand,1016033769.0,0.0,1016033769.0
283,1992,Thailand,1014335727.0,0.0,1014335727.0
171,1985,Poland,1014259163.0,0.0,1014259163.0
640,2011,Brazil,1013210831.0,0.0,1013210831.0
649,2012,Colombia,1009768225.0,0.0,1009768225.0
374,1996,South Africa,974078843.0,0.0,974078843.0
638,2010,South Africa,971208512.0,0.0,971208512.0
651,2012,South Africa,955734671.0,0.0,955734671.0
553,2004,Colombia,951773147.0,0.0,951773147.0
645,2011,South Africa,943390545.0,0.0,943390545.0
30,1976,Korea,938952566.0,0.0,938952566.0
621,2008,Thailand,938244893.0,0.0,938244893.0
492,2001,South Africa,935444476.0,0.0,935444476.0
583,2005,South Africa,927379768.0,0.0,927379768.0
169,1985,Korea,907605958.0,0.0,907605958.0
83,1980,Thailand,902852253.0,0.0,902852253.0
71,1980,Italy,894504816.0,0.0,894504816.0
155,1984,Korea,891180603.0,0.0,891180603.0
425,1999,Colombia,881928095.0,0.0,881928095.0
17,1974,Thailand,867668418.0,0.0,867668418.0
482,2001,Korea,864874549.0,0.0,864874549.0
48,1978,Thailand,859278853.0,0.0,859278853.0
593,2006,South Africa,853103554.0,0.0,853103554.0
501,2002,Colombia,835264836.0,0.0,835264836.0
163,1985,Colombia,835091486.0,0.0,835091486.0
46,1978,Korea,801254989.0,0.0,801254989.0
597,2007,Colombia,800292991.0,77466.0,800370457.0
353,1995,Thailand,792655526.0,0.0,792655526.0
623,2009,Brazil,783901399.0,0.0,783901399.0
526,2003,Brazil,779392718.0,0.0,779392718.0
469,2000,Taiwan,779075653.0,0.0,779075653.0
188,1986,Thailand,762121484.0,0.0,762121484.0
585,2005,Thailand,750726362.0,0.0,750726362.0
642,2011,Colombia,749156157.0,0.0,749156157.0
86,1981,Australia,747648005.0,18425831.0,766073836.0
467,2000,South Africa,737221627.0,0.0,737221627.0
286,1993,Brazil,726672442.0,0.0,726672442.0
575,2005,Brazil,723697976.0,0.0,723697976.0
572,2004,Thailand,722232350.0,0.0,722232350.0
39,1977,Thailand,715883953.0,0.0,715883953.0
464,2000,Saudi Arabia,707503988.0,0.0,707503988.0
391,1997,Qatar,705173409.0,0.0,705173409.0
653,2013,Brazil,703048320.0,0.0,703048320.0
496,2002,Australia,696882923.0,45235182.0,742118105.0
396,1997,South Africa,694290770.0,0.0,694290770.0
189,1987,Brazil,688641987.0,0.0,688641987.0
266,1992,Chile,686092378.0,0.0,686092378.0
486,2001,Poland,670468736.0,0.0,670468736.0
443,1999,South Africa,669943614.0,0.0,669943614.0
419,1998,South Africa,666789364.0,0.0,666789364.0
139,1983,Korea,665624126.0,0.0,665624126.0
508,2002,Korea,657470006.0,0.0,657470006.0
289,1993,Colombia,648542403.0,0.0,648542403.0
551,2004,Brazil,646604536.0,0.0,646604536.0
520,2002,South Africa,644990736.0,0.0,644990736.0
145,1984,Brazil,643593148.0,0.0,643593148.0
488,2001,Romania,636869083.0,0.0,636869083.0
461,2000,Poland,632761107.0,0.0,632761107.0
351,1995,South Africa,626257607.0,0.0,626257607.0
228,1989,Thailand,626032718.0,0.0,626032718.0
162,1985,Chile,624811340.0,0.0,624811340.0
251,1991,Hungary,624227866.0,0.0,624227866.0
129,1982,Taiwan,617069786.0,0.0,617069786.0
545,2003,South Africa,608581390.0,0.0,608581390.0
444,1999,Taiwan,603873086.0,30163151.0,634036237.0
499,2002,Canada,587432031.0,242075816.0,829507847.0
335,1995,Colombia,586866583.0,0.0,586866583.0
475,2001,Colombia,585022135.0,0.0,585022135.0
116,1982,Brazil,577695039.0,0.0,577695039.0
609,2008,Brazil,575890217.0,168870.0,576059087.0
245,1991,Chile,575859750.0,0.0,575859750.0
639,2010,Thailand,560953853.0,20992.0,560974845.0
113,1981,United Kingdom,558141413.0,7198102.0,565339515.0
153,1984,Italy,551936148.0,225774377.0,777710525.0
2,1973,Colombia,549944785.0,0.0,549944785.0
229,1990,Brazil,546410160.0,0.0,546410160.0
306,1993,South Africa,541955585.0,0.0,541955585.0
570,2004,South Africa,540700003.0,0.0,540700003.0
231,1990,Colombia,539309295.0,0.0,539309295.0
494,2001,Thailand,532323112.0,0.0,532323112.0
61,1980,Canada,531674896.0,139264006.0,670938902.0
194,1987,Japan,525123264.0,1770174669.0,2295297933.0
317,1994,Italy,524992994.0,25806540.0,550799534.0
328,1994,South Africa,516230795.0,0.0,516230795.0
32,1977,Brazil,501438883.0,0.0,501438883.0
539,2003,Poland,492707038.0,0.0,492707038.0
267,1992,Colombia,492185858.0,0.0,492185858.0
313,1994,Czech Republic,487593167.0,0.0,487593167.0
246,1991,Colombia,484986642.0,0.0,484986642.0
195,1987,Korea,482793059.0,0.0,482793059.0
514,2002,Poland,479506516.0,0.0,479506516.0
594,2006,Thailand,475487975.0,0.0,475487975.0
586,2006,Brazil,473262403.0,0.0,473262403.0
215,1989,Brazil,470795753.0,0.0,470795753.0
99,1981,Japan,446920760.0,2935257275.0,3382178035.0
457,2000,Korea,444810035.0,0.0,444810035.0
206,1988,Korea,438174916.0,0.0,438174916.0
322,1994,Poland,431842731.0,0.0,431842731.0
564,2004,Poland,428513747.0,0.0,428513747.0
595,2007,Brazil,424596650.0,50889.0,424647539.0
37,1977,Korea,418471898.0,0.0,418471898.0
299,1993,Luxembourg,415719806.0,0.0,415719806.0
107,1981,Saudi Arabia,409548081.0,131496682.0,541044763.0
403,1998,Colombia,407763235.0,0.0,407763235.0
85,1980,United Kingdom,399202551.0,567311470.0,966514021.0
176,1986,Brazil,398238987.0,0.0,398238987.0
60,1980,Brazil,397591374.0,0.0,397591374.0
315,1994,Hungary,393976481.0,0.0,393976481.0
248,1991,Czech Republic,392264026.0,0.0,392264026.0
437,1999,Poland,377114427.0,0.0,377114427.0
82,1980,Taiwan,374058844.0,0.0,374058844.0
364,1996,Korea,369583888.0,0.0,369583888.0
301,1993,Poland,367250867.0,0.0,367250867.0
19,1975,Chile,365408442.0,0.0,365408442.0
368,1996,Poland,359200576.0,0.0,359200576.0
362,1996,Hungary,349275403.0,0.0,349275403.0
332,1995,Australia,343759453.0,87263724.0,431023177.0
415,1998,Romania,339859562.0,0.0,339859562.0
413,1998,Poland,338026840.0,0.0,338026840.0
24,1975,Thailand,333639956.0,0.0,333639956.0
652,2012,Thailand,333622409.0,0.0,333622409.0
339,1995,Hungary,330369147.0,0.0,330369147.0
334,1995,Chile,326285394.0,0.0,326285394.0
258,1991,Poland,326279481.0,0.0,326279481.0
293,1993,Hungary,322532354.0,0.0,322532354.0
308,1994,Australia,321233163.0,62005978.0,383239141.0
226,1989,South Africa,320399942.0,0.0,320399942.0
200,1988,Brazil,319508348.0,0.0,319508348.0
234,1990,Hungary,315616677.0,0.0,315616677.0
147,1984,Chile,314012953.0,0.0,314012953.0
110,1981,Taiwan,312886996.0,0.0,312886996.0
424,1999,Chile,312658747.0,0.0,312658747.0
0,1973,Brazil,312075045.0,0.0,312075045.0
178,1986,Colombia,310212012.0,0.0,310212012.0
390,1997,Poland,309290589.0,0.0,309290589.0
10,1974,Brazil,306601048.0,0.0,306601048.0
250,1991,Greece,303412067.0,0.0,303412067.0
311,1994,Colombia,303016912.0,0.0,303016912.0
342,1995,Kuwait,302540263.0,0.0,302540263.0
654,2013,Chile,302293325.0,0.0,302293325.0
23,1975,Korea,299226023.0,0.0,299226023.0
474,2001,Chile,290131143.0,0.0,290131143.0
548,2003,Thailand,289796785.0,0.0,289796785.0
80,1980,Spain,285026867.0,0.0,285026867.0
402,1998,Chile,279286896.0,0.0,279286896.0
295,1993,Italy,277419753.0,124373956.0,401793709.0
516,2002,Romania,277336395.0,0.0,277336395.0
432,1999,Japan,276896345.0,8630152095.0,8907048440.0
611,2008,Chile,275383474.0,10280.0,275393754.0
507,2002,Ireland,272240314.0,22971354.0,295211668.0
242,1990,South Africa,271828896.0,0.0,271828896.0
168,1985,Japan,269876498.0,2525827880.0,2795704378.0
265,1992,Brazil,269771857.0,0.0,269771857.0
72,1980,Japan,264768921.0,1826375443.0,2091144364.0
106,1981,Romania,262077414.0,0.0,262077414.0
230,1990,Chile,260281186.0,0.0,260281186.0
658,2013,Thailand,259915985.0,0.0,259915985.0
11,1974,Chile,257689227.0,0.0,257689227.0
63,1980,Colombia,257368296.0,0.0,257368296.0
497,2002,Austria,249428720.0,64136019.0,313564739.0
158,1984,Taiwan,247894043.0,0.0,247894043.0
288,1993,Chile,246885634.0,0.0,246885634.0
607,2007,Thailand,246621101.0,4469.0,246625570.0
370,1996,Romania,240362515.0,0.0,240362515.0
282,1992,South Africa,234490451.0,0.0,234490451.0
202,1988,Colombia,234020126.0,0.0,234020126.0
222,1989,Korea,233488453.0,0.0,233488453.0
463,2000,Romania,223359836.0,0.0,223359836.0
439,1999,Romania,222375326.0,0.0,222375326.0
394,1997,Slovak Republic,219387257.0,0.0,219387257.0
123,1982,Korea,216083049.0,0.0,216083049.0
124,1982,New Zealand,213884594.0,572352.0,214456946.0
269,1992,Czech Republic,212986243.0,0.0,212986243.0
141,1983,Saudi Arabia,206745775.0,79371799.0,286117574.0
8,1973,Thailand,206363405.0,0.0,206363405.0
148,1984,Colombia,204495135.0,0.0,204495135.0
12,1974,Colombia,203545814.0,0.0,203545814.0
541,2003,Romania,202807923.0,0.0,202807923.0
218,1989,Colombia,200318505.0,0.0,200318505.0
108,1981,Spain,199457361.0,0.0,199457361.0
566,2004,Romania,198721214.0,0.0,198721214.0
127,1982,Saudi Arabia,197083911.0,0.0,197083911.0
646,2011,Thailand,196842375.0,0.0,196842375.0
264,1992,Australia,193553716.0,57379649.0,250933365.0
347,1995,Romania,189810215.0,0.0,189810215.0
337,1995,Czech Republic,182015721.0,0.0,182015721.0
379,1997,Chile,180051006.0,0.0,180051006.0
271,1992,Hungary,179864578.0,0.0,179864578.0
92,1981,Colombia,176100059.0,0.0,176100059.0
481,2001,Ireland,175063408.0,13231961.0,188295369.0
431,1999,Ireland,174812788.0,0.0,174812788.0
279,1992,Romania,174756620.0,0.0,174756620.0
472,2001,Austria,171695803.0,64630850.0,236326653.0
455,2000,Ireland,171345603.0,7976318.0,179321921.0
522,2002,Taiwan,170259619.0,0.0,170259619.0
117,1982,Canada,170174807.0,87937147.0,258111954.0
291,1993,Czech Republic,170159661.0,0.0,170159661.0
392,1997,Romania,168028130.0,0.0,168028130.0
49,1979,Brazil,167462062.0,0.0,167462062.0
154,1984,Japan,166832089.0,2565737016.0,2732569105.0
58,1980,Austria,157632201.0,2720513.0,160352714.0
26,1976,Chile,155551297.0,0.0,155551297.0
146,1984,Canada,153022875.0,691336664.0,844359539.0
217,1989,Chile,152229260.0,0.0,152229260.0
41,1978,Brazil,151531351.0,0.0,151531351.0
280,1992,Saudi Arabia,148479604.0,0.0,148479604.0
59,1980,Belgium,147868500.0,0.0,147868500.0
138,1983,Italy,147595542.0,33513460.0,181109002.0
54,1979,Korea,146708076.0,0.0,146708076.0
451,2000,Czech Republic,145892164.0,0.0,145892164.0
20,1975,Colombia,145779156.0,0.0,145779156.0
105,1981,Portugal,144765310.0,0.0,144765310.0
448,2000,Chile,143596162.0,0.0,143596162.0
27,1976,Colombia,143082677.0,0.0,143082677.0
560,2004,Korea,142941011.0,0.0,142941011.0
513,2002,Luxembourg,139320026.0,9896164.0,149216190.0
624,2009,Chile,136810686.0,40764.0,136851450.0
175,1985,United Arab Emirates,136260119.0,0.0,136260119.0
400,1998,Australia,133176980.0,60046657.0,193223637.0
285,1993,Austria,132570772.0,8599286.0,141170058.0
441,1999,Slovak Republic,132187615.0,0.0,132187615.0
199,1987,United Arab Emirates,131760270.0,0.0,131760270.0
103,1981,Norway,130936843.0,51124921.0,182061764.0
182,1986,Japan,130559708.0,1341662477.0,1472222185.0
132,1983,Brazil,129429939.0,0.0,129429939.0
177,1986,Chile,123522992.0,0.0,123522992.0
94,1981,France,120922782.0,277458713.0,398381495.0
372,1996,Slovak Republic,120767538.0,0.0,120767538.0
405,1998,Czech Republic,120505911.0,0.0,120505911.0
79,1980,Saudi Arabia,120375527.0,112421249.0,232796776.0
632,2010,Chile,120087929.0,89609.0,120177538.0
183,1986,Korea,119590826.0,0.0,119590826.0
500,2002,Chile,118858994.0,117867.0,118976861.0
535,2003,Korea,117959852.0,0.0,117959852.0
66,1980,France,116609845.0,360323267.0,476933112.0
67,1980,Greece,115371982.0,0.0,115371982.0
596,2007,Chile,114940960.0,56833.0,114997793.0
134,1983,Colombia,110714529.0,0.0,110714529.0
93,1981,Cyprus,110234644.0,0.0,110234644.0
31,1976,Thailand,110042103.0,0.0,110042103.0
275,1992,Latvia,106443347.0,0.0,106443347.0
196,1987,South Africa,105825534.0,0.0,105825534.0
608,2007,United States,104519053.0,1111447327.0,1215966380.0
65,1980,Denmark,104288895.0,96585940.0,200874835.0
18,1975,Brazil,100725686.0,0.0,100725686.0
382,1997,Czech Republic,99553819.0,1151600.0,100705419.0
310,1994,Chile,98616016.0,0.0,98616016.0
380,1997,Colombia,94226174.0,0.0,94226174.0
303,1993,Romania,92433527.0,0.0,92433527.0
373,1996,Slovenia,90121406.0,0.0,90121406.0
260,1991,Saudi Arabia,89458009.0,0.0,89458009.0
367,1996,Lithuania,89026730.0,0.0,89026730.0
1,1973,Chile,88056078.0,0.0,88056078.0
64,1980,Cyprus,87110643.0,0.0,87110643.0
552,2004,Chile,86004680.0,37923.0,86042603.0
287,1993,Canada,83925439.0,129123101.0,213048540.0
344,1995,Lithuania,83881095.0,0.0,83881095.0
25,1976,Brazil,83580485.0,0.0,83580485.0
180,1986,Finland,83529726.0,0.0,83529726.0
427,1999,Czech Republic,82522618.0,0.0,82522618.0
149,1984,Cyprus,79282641.0,0.0,79282641.0
284,1993,Australia,79262311.0,37557879.0,116820190.0
128,1982,Spain,77227580.0,0.0,77227580.0
349,1995,Slovak Republic,75586685.0,0.0,75586685.0
227,1989,Taiwan,75026666.0,0.0,75026666.0
76,1980,Poland,75000451.0,0.0,75000451.0
527,2003,Chile,74584206.0,32051.0,74616257.0
191,1987,Colombia,74058995.0,0.0,74058995.0
298,1993,Lithuania,73709134.0,0.0,73709134.0
576,2005,Chile,73415885.0,49967.0,73465852.0
201,1988,Chile,73331550.0,0.0,73331550.0
648,2012,Chile,72801720.0,0.0,72801720.0
479,2001,Hungary,71227382.0,0.0,71227382.0
136,1983,Finland,70538468.0,3517060.0,74055528.0
532,2003,Hungary,68595560.0,0.0,68595560.0
34,1977,Colombia,67799905.0,0.0,67799905.0
300,1993,Norway,67085688.0,72847215.0,139932903.0
357,1996,Chile,66195930.0,0.0,66195930.0
477,2001,Czech Republic,65382378.0,530941.0,65913319.0
261,1991,South Africa,64650922.0,0.0,64650922.0
641,2011,Chile,63814172.0,0.0,63814172.0
125,1982,Norway,63586018.0,110623404.0,174209422.0
277,1992,Norway,62668301.0,40117760.0,102786061.0
190,1987,Chile,62625327.0,0.0,62625327.0
150,1984,Denmark,62021691.0,131061636.0,193083327.0
412,1998,Lithuania,61227246.0,0.0,61227246.0
203,1988,Cyprus,60836704.0,0.0,60836704.0
503,2002,Czech Republic,60471458.0,156771.0,60628229.0
157,1984,Saudi Arabia,59201063.0,346714096.0,405915159.0
97,1981,Ireland,58605044.0,0.0,58605044.0
115,1982,Austria,58590672.0,272169.0,58862841.0
179,1986,Cyprus,56716357.0,0.0,56716357.0
57,1980,Australia,54502260.0,23283790.0,77786050.0
43,1978,Colombia,54438681.0,0.0,54438681.0
142,1983,Taiwan,54105626.0,0.0,54105626.0
587,2006,Chile,53907751.0,129055.0,54036806.0
558,2004,Hungary,53861240.0,0.0,53861240.0
384,1997,Hungary,53047029.0,0.0,53047029.0
490,2001,Slovak Republic,52945385.0,0.0,52945385.0
297,1993,Latvia,52648796.0,0.0,52648796.0
326,1994,Slovak Republic,52553361.0,0.0,52553361.0
135,1983,Cyprus,51405078.0,0.0,51405078.0
50,1979,Chile,49451759.0,0.0,49451759.0
324,1994,Romania,47195859.0,0.0,47195859.0
236,1990,Ireland,46238132.0,0.0,46238132.0
505,2002,Hungary,46184177.0,0.0,46184177.0
312,1994,Cyprus,46104382.0,0.0,46104382.0
411,1998,Latvia,46078691.0,0.0,46078691.0
530,2003,Czech Republic,45608312.0,247942.0,45856254.0
78,1980,Romania,44381441.0,0.0,44381441.0
75,1980,Norway,43725131.0,41738095.0,85463226.0
211,1988,Saudi Arabia,42431775.0,0.0,42431775.0
290,1993,Cyprus,42046495.0,0.0,42046495.0
543,2003,Slovak Republic,41479968.0,0.0,41479968.0
555,2004,Czech Republic,41237106.0,0.0,41237106.0
254,1991,Korea,39850875.0,0.0,39850875.0
164,1985,Cyprus,39214175.0,0.0,39214175.0
343,1995,Latvia,39008900.0,0.0,39008900.0
292,1993,Estonia,38337840.0,0.0,38337840.0
204,1988,Greece,37727914.0,0.0,37727914.0
165,1985,Greece,36819257.0,0.0,36819257.0
186,1986,Saudi Arabia,36516861.0,35996220.0,72513081.0
88,1981,Belgium,36477733.0,61917902.0,98395635.0
518,2002,Slovak Republic,35860783.0,0.0,35860783.0
172,1985,Saudi Arabia,35529584.0,128074768.0,163604352.0
81,1980,Sweden,35282669.0,10679246.0,45961915.0
360,1996,Czech Republic,35124917.0,4724939.0,39849856.0
133,1983,Chile,33869655.0,0.0,33869655.0
568,2004,Slovak Republic,33775543.0,0.0,33775543.0
538,2003,Lithuania,33181470.0,0.0,33181470.0
219,1989,Cyprus,32612810.0,0.0,32612810.0
466,2000,Slovenia,32556545.0,0.0,32556545.0
120,1982,Cyprus,31348629.0,0.0,31348629.0
166,1985,Hungary,31296368.0,0.0,31296368.0
28,1976,Cyprus,31022257.0,0.0,31022257.0
361,1996,Estonia,30942970.0,0.0,30942970.0
485,2001,Lithuania,30635613.0,0.0,30635613.0
207,1988,Kuwait,30421288.0,43914563.0,74335851.0
563,2004,Lithuania,30341902.0,0.0,30341902.0
70,1980,Ireland,30268231.0,0.0,30268231.0
453,2000,Hungary,29607289.0,0.0,29607289.0
213,1988,Taiwan,29459009.0,0.0,29459009.0
268,1992,Cyprus,29261936.0,0.0,29261936.0
192,1987,Cyprus,29088415.0,0.0,29088415.0
173,1985,Taiwan,28782961.0,0.0,28782961.0
321,1994,Lithuania,28739967.0,0.0,28739967.0
320,1994,Latvia,28380386.0,0.0,28380386.0
407,1998,Hungary,27853171.0,0.0,27853171.0
151,1984,Finland,26553629.0,0.0,26553629.0
429,1999,Hungary,26274654.0,0.0,26274654.0
476,2001,Cyprus,26263860.0,0.0,26263860.0
95,1981,Greece,26046686.0,0.0,26046686.0
118,1982,Chile,25718071.0,0.0,25718071.0
314,1994,Estonia,25652518.0,0.0,25652518.0
512,2002,Lithuania,25362242.0,0.0,25362242.0
366,1996,Latvia,25044880.0,0.0,25044880.0
91,1981,Chile,24802202.0,0.0,24802202.0
465,2000,Slovak Republic,24767414.0,0.0,24767414.0
554,2004,Cyprus,24632806.0,0.0,24632806.0
109,1981,Sweden,24474486.0,151539023.0,176013509.0
247,1991,Cyprus,24108788.0,0.0,24108788.0
478,2001,Estonia,24044423.0,184731.0,24229154.0
510,2002,Latvia,23562554.0,0.0,23562554.0
502,2002,Cyprus,23150596.0,0.0,23150596.0
417,1998,Slovak Republic,22763026.0,0.0,22763026.0
484,2001,Latvia,22714406.0,0.0,22714406.0
388,1997,Latvia,22485213.0,0.0,22485213.0
185,1986,Portugal,21863247.0,0.0,21863247.0
187,1986,Taiwan,21795291.0,0.0,21795291.0
35,1977,Cyprus,20945184.0,0.0,20945184.0
389,1997,Lithuania,20435390.0,0.0,20435390.0
406,1998,Estonia,20250742.0,0.0,20250742.0
426,1999,Cyprus,19380977.0,0.0,19380977.0
556,2004,Estonia,19139015.0,0.0,19139015.0
338,1995,Estonia,18418713.0,0.0,18418713.0
102,1981,Liechtenstein,18264370.0,199326.0,18463696.0
68,1980,Iceland,18060045.0,0.0,18060045.0
571,2004,Taiwan,17888290.0,0.0,17888290.0
359,1996,Cyprus,17809922.0,0.0,17809922.0
62,1980,Chile,17218386.0,0.0,17218386.0
460,2000,Lithuania,16836580.0,0.0,16836580.0
604,2007,Saudi Arabia,16462193.0,0.0,16462193.0
13,1974,Cyprus,16432279.0,0.0,16432279.0
270,1992,Estonia,16023398.0,0.0,16023398.0
452,2000,Estonia,16010329.0,0.0,16010329.0
531,2003,Estonia,15925093.0,0.0,15925093.0
52,1979,Cyprus,15837039.0,0.0,15837039.0
537,2003,Latvia,15787761.0,0.0,15787761.0
562,2004,Latvia,15622106.0,0.0,15622106.0
51,1979,Colombia,15388003.0,0.0,15388003.0
547,2003,Taiwan,15103689.0,0.0,15103689.0
197,1987,Taiwan,14965414.0,0.0,14965414.0
591,2006,Saudi Arabia,14209342.0,0.0,14209342.0
459,2000,Latvia,14205663.0,0.0,14205663.0
491,2001,Slovenia,13913044.0,0.0,13913044.0
493,2001,Taiwan,13689330.0,0.0,13689330.0
442,1999,Slovenia,12831539.0,0.0,12831539.0
567,2004,Saudi Arabia,12603354.0,0.0,12603354.0
569,2004,Slovenia,12414136.0,0.0,12414136.0
327,1994,Slovenia,12375582.0,0.0,12375582.0
436,1999,Lithuania,12053667.0,0.0,12053667.0
55,1979,Saudi Arabia,12014220.0,0.0,12014220.0
232,1990,Cyprus,11768247.0,0.0,11768247.0
74,1980,New Zealand,11703716.0,0.0,11703716.0
208,1988,Poland,11464751.0,0.0,11464751.0
409,1998,Korea,10793650.0,0.0,10793650.0
281,1992,Slovenia,10624910.0,0.0,10624910.0
435,1999,Latvia,10570801.0,0.0,10570801.0
255,1991,Kuwait,10244282.0,0.0,10244282.0
3,1973,Cyprus,9613414.0,0.0,9613414.0
381,1997,Cyprus,9602634.0,0.0,9602634.0
302,1993,Qatar,9564499.0,0.0,9564499.0
331,1994,United Arab Emirates,9485289.0,0.0,9485289.0
529,2003,Cyprus,9421124.0,0.0,9421124.0
375,1996,Taiwan,9333721.0,0.0,9333721.0
582,2005,Saudi Arabia,9206877.0,0.0,9206877.0
428,1999,Estonia,9201870.0,0.0,9201870.0
210,1988,Qatar,9137956.0,0.0,9137956.0
304,1993,Slovak Republic,9121048.0,0.0,9121048.0
542,2003,Saudi Arabia,8735630.0,0.0,8735630.0
418,1998,Slovenia,8484412.0,0.0,8484412.0
383,1997,Estonia,8307811.0,0.0,8307811.0
276,1992,Lithuania,8257205.0,0.0,8257205.0
504,2002,Estonia,8104097.0,94211.0,8198308.0
395,1997,Slovenia,7858148.0,0.0,7858148.0
519,2002,Slovenia,7663650.0,0.0,7663650.0
350,1995,Slovenia,7405043.0,0.0,7405043.0
348,1995,Saudi Arabia,7397882.0,0.0,7397882.0
184,1986,Poland,7204596.0,0.0,7204596.0
319,1994,Kuwait,6860796.0,0.0,6860796.0
544,2003,Slovenia,6291746.0,0.0,6291746.0
253,1991,Ireland,6065209.0,0.0,6065209.0
21,1975,Cyprus,5864941.0,0.0,5864941.0
325,1994,Saudi Arabia,5682814.0,0.0,5682814.0
262,1991,Taiwan,5446049.0,0.0,5446049.0
450,2000,Cyprus,5189473.0,0.0,5189473.0
225,1989,Romania,5092048.0,0.0,5092048.0
489,2001,Saudi Arabia,5047242.0,0.0,5047242.0
42,1978,Chile,4418418.0,0.0,4418418.0
77,1980,Portugal,4136160.0,0.0,4136160.0
483,2001,Kuwait,4044688.0,1219994.0,5264682.0
341,1995,Korea,3947605.0,0.0,3947605.0
40,1977,United Arab Emirates,3599299.0,0.0,3599299.0
98,1981,Italy,3585196.0,0.0,3585196.0
573,2004,United Arab Emirates,3451690.0,0.0,3451690.0
273,1992,Korea,3337566.0,0.0,3337566.0
296,1993,Korea,3157283.0,0.0,3157283.0
509,2002,Kuwait,3038480.0,0.0,3038480.0
224,1989,Qatar,2949100.0,0.0,2949100.0
259,1991,Romania,2904763.0,0.0,2904763.0
329,1994,Taiwan,2655902.0,45628882.0,48284784.0
517,2002,Saudi Arabia,2651835.0,0.0,2651835.0
305,1993,Slovenia,2609520.0,0.0,2609520.0
114,1982,Australia,2599450.0,10458375.0,13057825.0
33,1977,Chile,2568149.0,0.0,2568149.0
352,1995,Taiwan,2561779.0,0.0,2561779.0
209,1988,Portugal,2538321.0,0.0,2538321.0
397,1997,Taiwan,2454079.0,0.0,2454079.0
371,1996,Saudi Arabia,2409008.0,0.0,2409008.0
549,2003,United Arab Emirates,2325618.0,0.0,2325618.0
495,2001,United Arab Emirates,2140111.0,0.0,2140111.0
393,1997,Saudi Arabia,2120366.0,0.0,2120366.0
561,2004,Kuwait,2097489.0,0.0,2097489.0
216,1989,Canada,1961661.0,95861356.0,97823017.0
156,1984,Portugal,1826510.0,0.0,1826510.0
112,1981,United Arab Emirates,1813286.0,0.0,1813286.0
524,2002,United Arab Emirates,1783343.0,0.0,1783343.0
354,1995,United Arab Emirates,1579978.0,0.0,1579978.0
220,1989,Hungary,1482250.0,0.0,1482250.0
565,2004,Qatar,1458916.0,0.0,1458916.0
416,1998,Saudi Arabia,1348961.0,0.0,1348961.0
323,1994,Qatar,1252342.0,0.0,1252342.0
336,1995,Cyprus,1233692.0,0.0,1233692.0
377,1996,United Arab Emirates,1038083.0,0.0,1038083.0
399,1997,United Arab Emirates,1002901.0,0.0,1002901.0
249,1991,Estonia,990684.0,0.0,990684.0
458,2000,Kuwait,959746.0,0.0,959746.0
131,1982,United Arab Emirates,936588.0,0.0,936588.0
420,1998,Taiwan,876129.0,0.0,876129.0
434,1999,Kuwait,868779.0,0.0,868779.0
369,1996,Qatar,836714.0,0.0,836714.0
536,2003,Kuwait,819946.0,0.0,819946.0
487,2001,Qatar,771977.0,0.0,771977.0
410,1998,Kuwait,733164.0,1107033.0,1840197.0
462,2000,Qatar,673904.0,0.0,673904.0
122,1982,Italy,663971.0,0.0,663971.0
471,2000,United Arab Emirates,628944.0,0.0,628944.0
47,1978,Saudi Arabia,622892.0,251262679.0,251885571.0
365,1996,Kuwait,612124.0,21381183.0,21993307.0
144,1983,United Arab Emirates,598545.0,0.0,598545.0
446,1999,United Arab Emirates,595520.0,0.0,595520.0
414,1998,Qatar,582329.0,0.0,582329.0
404,1998,Cyprus,563689.0,0.0,563689.0
233,1990,Czech Republic,549039.0,0.0,549039.0
239,1990,Latvia,543060.0,0.0,543060.0
387,1997,Kuwait,530951.0,0.0,530951.0
170,1985,Kuwait,524410.0,0.0,524410.0
160,1984,United Arab Emirates,505928.0,0.0,505928.0
438,1999,Qatar,491169.0,0.0,491169.0
422,1998,United Arab Emirates,461121.0,0.0,461121.0
257,1991,Lithuania,455029.0,0.0,455029.0
256,1991,Latvia,398476.0,0.0,398476.0
637,2010,Saudi Arabia,352548.0,0.0,352548.0
618,2008,Saudi Arabia,348667.0,0.0,348667.0
346,1995,Qatar,346430.0,0.0,346430.0
627,2009,Saudi Arabia,327156.0,0.0,327156.0
6,1973,Kuwait,325483.0,0.0,325483.0
540,2003,Qatar,324759.0,0.0,324759.0
241,1990,Romania,299897.0,0.0,299897.0
644,2011,Saudi Arabia,282125.0,0.0,282125.0
581,2005,Romania,278521.0,0.0,278521.0
515,2002,Qatar,220245.0,0.0,220245.0
468,2000,Switzerland,184816.0,129146680.0,129331496.0
84,1980,United Arab Emirates,174742.0,0.0,174742.0
87,1981,Austria,163916.0,53422527.0,53586443.0
38,1977,Taiwan,163198.0,0.0,163198.0
574,2005,Austria,127534.0,17870615.0,17998149.0
636,2010,Japan,124673.0,3428196179.0,3428320852.0
16,1974,Taiwan,115048.0,0.0,115048.0
616,2008,Portugal,113058.0,2596175.0,2709233.0
212,1988,South Africa,110849.0,0.0,110849.0
619,2008,Slovenia,105521.0,0.0,105521.0
605,2007,Slovenia,105426.0,0.0,105426.0
584,2005,Switzerland,97503.0,70896849.0,70994352.0
603,2007,Romania,97380.0,0.0,97380.0
456,2000,Italy,92408.0,34877961.0,34970369.0
101,1981,Kuwait,78425.0,298564124.0,298642549.0
592,2006,Slovenia,74572.0,0.0,74572.0
589,2006,Finland,73670.0,25456746.0,25530416.0
126,1982,Poland,70326.0,0.0,70326.0
615,2008,Liechtenstein,66713.0,138191.0,204904.0
7,1973,Saudi Arabia,65097.0,0.0,65097.0
9,1973,United Arab Emirates,65097.0,0.0,65097.0
140,1983,Poland,63282.0,0.0,63282.0
355,1996,Austria,56293.0,31485810.0,31542103.0
610,2008,Canada,55468.0,75865089.0,75920557.0
602,2007,Poland,54102.0,0.0,54102.0
580,2005,Liechtenstein,51947.0,494415.0,546362.0
578,2005,Czech Republic,46801.0,119901.0,166702.0
44,1978,Cyprus,46647.0,0.0,46647.0
534,2003,Italy,35589.0,15582599.0,15618188.0
104,1981,Poland,35410.0,0.0,35410.0
557,2004,Germany,31462.0,757859065.0,757890527.0
599,2007,Germany,28702.0,977570017.0,977598719.0
521,2002,Switzerland,24996.0,127936461.0,127961457.0
600,2007,Hungary,21733.0,2747.0,24480.0
546,2003,Switzerland,19468.0,65840038.0,65859506.0
629,2009,Taiwan,14202.0,327156.0,341358.0
634,2010,Hungary,14132.0,0.0,14132.0
617,2008,Romania,12192.0,0.0,12192.0
511,2002,Liechtenstein,10053.0,147592.0,157645.0
613,2008,France,8227.0,246968178.0,246976405.0
525,2002,United States,4920.0,4549559432.0,4549564352.0
598,2007,Cyprus,4469.0,0.0,4469.0
238,1990,Kuwait,1568.0,0.0,1568.0
550,2004,Austria,1508.0,46228250.0,46229758.0
622,2008,United States,1019.0,1715190276.0,1715191295.0
1360,2013,Japan,0.0,2641200097.0,2641200097.0
1355,2013,Germany,0.0,1582596672.0,1582596672.0
1354,2013,France,0.0,1247092339.0,1247092339.0
1374,2013,United States,0.0,1059333467.0,1059333467.0
1373,2013,United Kingdom,0.0,490448080.0,490448080.0
1361,2013,Korea,0.0,397323332.0,397323332.0
1365,2013,Norway,0.0,295017276.0,295017276.0
1371,2013,Sweden,0.0,82270421.0,82270421.0
1372,2013,Switzerland,0.0,74744897.0,74744897.0
1349,2013,Belgium,0.0,68317348.0,68317348.0
1347,2013,Australia,0.0,67265056.0,67265056.0
1370,2013,Spain,0.0,55835945.0,55835945.0
1350,2013,Canada,0.0,54784201.0,54784201.0
1359,2013,Italy,0.0,23679747.0,23679747.0
1353,2013,Finland,0.0,13933712.0,13933712.0
1358,2013,Ireland,0.0,11285184.0,11285184.0
1363,2013,Netherlands,0.0,11055065.0,11055065.0
1362,2013,Luxembourg,0.0,7645306.0,7645306.0
1348,2013,Austria,0.0,7169039.0,7169039.0
1367,2013,Portugal,0.0,6629414.0,6629414.0
1352,2013,Denmark,0.0,4941770.0,4941770.0
1364,2013,New Zealand,0.0,1938330.0,1938330.0
1366,2013,Poland,0.0,403184.0,403184.0
1356,2013,Greece,0.0,222131.0,222131.0
1357,2013,Iceland,0.0,133418.0,133418.0
1351,2013,Czech Republic,0.0,123152.0,123152.0
1368,2013,Slovak Republic,0.0,41147.0,41147.0
1369,2013,Slovenia,0.0,14308.0,14308.0
1334,2012,Japan,0.0,4256445621.0,4256445621.0
1328,2012,France,0.0,1857862442.0,1857862442.0
1329,2012,Germany,0.0,1519377935.0,1519377935.0
1346,2012,United States,0.0,1093496899.0,1093496899.0
1345,2012,United Kingdom,0.0,386497679.0,386497679.0
1339,2012,Norway,0.0,262015590.0,262015590.0
1324,2012,Canada,0.0,59322273.0,59322273.0
1321,2012,Australia,0.0,55649016.0,55649016.0
1341,2012,Spain,0.0,55560499.0,55560499.0
1342,2012,Sweden,0.0,42966784.0,42966784.0
1343,2012,Switzerland,0.0,41783411.0,41783411.0
1323,2012,Belgium,0.0,35767940.0,35767940.0
1333,2012,Italy,0.0,23960216.0,23960216.0
1335,2012,Korea,0.0,16780372.0,16780372.0
1326,2012,Denmark,0.0,14988225.0,14988225.0
1332,2012,Ireland,0.0,14021437.0,14021437.0
1337,2012,Netherlands,0.0,11311438.0,11311438.0
1322,2012,Austria,0.0,9369281.0,9369281.0
1336,2012,Luxembourg,0.0,8502699.0,8502699.0
1327,2012,Finland,0.0,7911710.0,7911710.0
1340,2012,Portugal,0.0,7736231.0,7736231.0
1338,2012,New Zealand,0.0,1722664.0,1722664.0
1330,2012,Greece,0.0,1220624.0,1220624.0
1344,2012,United Arab Emirates,0.0,1025431.0,1025431.0
1325,2012,Czech Republic,0.0,165238.0,165238.0
1331,2012,Iceland,0.0,39083.0,39083.0
1307,2011,Japan,0.0,2635586602.0,2635586602.0
1303,2011,Germany,0.0,1400378605.0,1400378605.0
1320,2011,United States,0.0,1158991620.0,1158991620.0
1302,2011,France,0.0,385580197.0,385580197.0
1312,2011,Norway,0.0,268584661.0,268584661.0
1319,2011,United Kingdom,0.0,238230871.0,238230871.0
1314,2011,Spain,0.0,100140152.0,100140152.0
1315,2011,Sweden,0.0,57386226.0,57386226.0
1298,2011,Canada,0.0,49798170.0,49798170.0
1306,2011,Italy,0.0,49349085.0,49349085.0
1297,2011,Belgium,0.0,47828984.0,47828984.0
1295,2011,Australia,0.0,41545539.0,41545539.0
1316,2011,Switzerland,0.0,39344798.0,39344798.0
1301,2011,Finland,0.0,34660814.0,34660814.0
1300,2011,Denmark,0.0,33654018.0,33654018.0
1310,2011,Netherlands,0.0,19530662.0,19530662.0
1305,2011,Ireland,0.0,16164777.0,16164777.0
1308,2011,Korea,0.0,11082508.0,11082508.0
1309,2011,Luxembourg,0.0,9920871.0,9920871.0
1313,2011,Portugal,0.0,9036429.0,9036429.0
1296,2011,Austria,0.0,5945013.0,5945013.0
1311,2011,New Zealand,0.0,3623798.0,3623798.0
1304,2011,Greece,0.0,1740617.0,1740617.0
1318,2011,United Arab Emirates,0.0,590706.0,590706.0
1317,2011,Taiwan,0.0,282125.0,282125.0
1299,2011,Czech Republic,0.0,164099.0,164099.0
1294,2010,United States,0.0,1517053044.0,1517053044.0
1276,2010,Germany,0.0,866568253.0,866568253.0
1275,2010,France,0.0,479271279.0,479271279.0
1293,2010,United Kingdom,0.0,435982774.0,435982774.0
1284,2010,Norway,0.0,323665853.0,323665853.0
1288,2010,Spain,0.0,128037041.0,128037041.0
1289,2010,Sweden,0.0,94790240.0,94790240.0
1272,2010,Canada,0.0,66543586.0,66543586.0
1282,2010,Netherlands,0.0,55471821.0,55471821.0
1290,2010,Switzerland,0.0,53676771.0,53676771.0
1271,2010,Belgium,0.0,41446751.0,41446751.0
1279,2010,Italy,0.0,40421158.0,40421158.0
1269,2010,Australia,0.0,32806019.0,32806019.0
1273,2010,Denmark,0.0,21438651.0,21438651.0
1274,2010,Finland,0.0,20238960.0,20238960.0
1278,2010,Ireland,0.0,15971582.0,15971582.0
1280,2010,Korea,0.0,9946450.0,9946450.0
1281,2010,Luxembourg,0.0,9812280.0,9812280.0
1285,2010,Portugal,0.0,9121622.0,9121622.0
1270,2010,Austria,0.0,8224524.0,8224524.0
1283,2010,New Zealand,0.0,3518946.0,3518946.0
1277,2010,Greece,0.0,2151692.0,2151692.0
1292,2010,United Arab Emirates,0.0,1109303.0,1109303.0
1291,2010,Taiwan,0.0,287807.0,287807.0
1287,2010,Slovenia,0.0,135720.0,135720.0
1286,2010,Slovak Republic,0.0,14132.0,14132.0
1256,2009,Japan,0.0,2645297987.0,2645297987.0
1268,2009,United States,0.0,1695864746.0,1695864746.0
1252,2009,Germany,0.0,1270803240.0,1270803240.0
1267,2009,United Kingdom,0.0,979674038.0,979674038.0
1251,2009,France,0.0,443827383.0,443827383.0
1264,2009,Spain,0.0,238613474.0,238613474.0
1261,2009,Norway,0.0,237828698.0,237828698.0
1257,2009,Korea,0.0,168844005.0,168844005.0
1259,2009,Netherlands,0.0,107803997.0,107803997.0
1265,2009,Sweden,0.0,76554392.0,76554392.0
1247,2009,Canada,0.0,74116591.0,74116591.0
1250,2009,Finland,0.0,64703548.0,64703548.0
1255,2009,Italy,0.0,53936210.0,53936210.0
1266,2009,Switzerland,0.0,53471939.0,53471939.0
1246,2009,Belgium,0.0,42809116.0,42809116.0
1254,2009,Ireland,0.0,21707708.0,21707708.0
1244,2009,Australia,0.0,17680084.0,17680084.0
1258,2009,Luxembourg,0.0,9324881.0,9324881.0
1245,2009,Austria,0.0,7871776.0,7871776.0
1249,2009,Denmark,0.0,6819444.0,6819444.0
1260,2009,New Zealand,0.0,4720299.0,4720299.0
1262,2009,Portugal,0.0,2079818.0,2079818.0
1253,2009,Greece,0.0,2070017.0,2070017.0
1248,2009,Czech Republic,0.0,397563.0,397563.0
1263,2009,Slovak Republic,0.0,14202.0,14202.0
1232,2008,Japan,0.0,4531094069.0,4531094069.0
1227,2008,Germany,0.0,1168597647.0,1168597647.0
1243,2008,United Kingdom,0.0,788164298.0,788164298.0
1239,2008,Spain,0.0,152422527.0,152422527.0
1236,2008,Netherlands,0.0,69615673.0,69615673.0
1238,2008,Norway,0.0,58648457.0,58648457.0
1233,2008,Korea,0.0,57406444.0,57406444.0
1223,2008,Belgium,0.0,53059381.0,53059381.0
1240,2008,Sweden,0.0,40720968.0,40720968.0
1241,2008,Switzerland,0.0,39324550.0,39324550.0
1226,2008,Finland,0.0,39238852.0,39238852.0
1231,2008,Italy,0.0,38676392.0,38676392.0
1230,2008,Ireland,0.0,34965187.0,34965187.0
1221,2008,Australia,0.0,18754564.0,18754564.0
1225,2008,Denmark,0.0,16290834.0,16290834.0
1234,2008,Luxembourg,0.0,9669591.0,9669591.0
1222,2008,Austria,0.0,6949094.0,6949094.0
1237,2008,New Zealand,0.0,4836516.0,4836516.0
1228,2008,Greece,0.0,2542149.0,2542149.0
1235,2008,Monaco,0.0,557753.0,557753.0
1242,2008,Taiwan,0.0,348667.0,348667.0
1224,2008,Czech Republic,0.0,230219.0,230219.0
1229,2008,Hungary,0.0,67660.0,67660.0
1206,2007,Japan,0.0,3544215397.0,3544215397.0
1220,2007,United Kingdom,0.0,1019400656.0,1019400656.0
1202,2007,France,0.0,401771684.0,401771684.0
1207,2007,Korea,0.0,305841026.0,305841026.0
1211,2007,Netherlands,0.0,121033675.0,121033675.0
1216,2007,Spain,0.0,118856065.0,118856065.0
1213,2007,Norway,0.0,116693404.0,116693404.0
1215,2007,Qatar,0.0,104519053.0,104519053.0
1199,2007,Canada,0.0,62686742.0,62686742.0
1218,2007,Switzerland,0.0,51309531.0,51309531.0
1217,2007,Sweden,0.0,45890520.0,45890520.0
1205,2007,Italy,0.0,33580751.0,33580751.0
1198,2007,Belgium,0.0,33187081.0,33187081.0
1204,2007,Ireland,0.0,28202952.0,28202952.0
1200,2007,Denmark,0.0,21329239.0,21329239.0
1201,2007,Finland,0.0,19522990.0,19522990.0
1196,2007,Australia,0.0,13864351.0,13864351.0
1197,2007,Austria,0.0,11550522.0,11550522.0
1209,2007,Luxembourg,0.0,8883735.0,8883735.0
1214,2007,Portugal,0.0,4973178.0,4973178.0
1212,2007,New Zealand,0.0,4179628.0,4179628.0
1203,2007,Greece,0.0,3082200.0,3082200.0
1219,2007,Taiwan,0.0,375139.0,375139.0
1210,2007,Monaco,0.0,264319.0,264319.0
1208,2007,Liechtenstein,0.0,199170.0,199170.0
1181,2006,Japan,0.0,2542330417.0,2542330417.0
1195,2006,United States,0.0,1935937419.0,1935937419.0
1194,2006,United Kingdom,0.0,800914880.0,800914880.0
1177,2006,Germany,0.0,664320505.0,664320505.0
1176,2006,France,0.0,464260209.0,464260209.0
1182,2006,Korea,0.0,331823583.0,331823583.0
1188,2006,Norway,0.0,324841794.0,324841794.0
1190,2006,Spain,0.0,102707597.0,102707597.0
1186,2006,Netherlands,0.0,98616009.0,98616009.0
1173,2006,Canada,0.0,60308595.0,60308595.0
1172,2006,Belgium,0.0,58458568.0,58458568.0
1191,2006,Sweden,0.0,48832575.0,48832575.0
1192,2006,Switzerland,0.0,43757262.0,43757262.0
1179,2006,Ireland,0.0,28942598.0,28942598.0
1180,2006,Italy,0.0,28923679.0,28923679.0
1170,2006,Australia,0.0,27058214.0,27058214.0
1175,2006,Denmark,0.0,10170167.0,10170167.0
1184,2006,Luxembourg,0.0,9045047.0,9045047.0
1171,2006,Austria,0.0,8003253.0,8003253.0
1193,2006,Taiwan,0.0,6324571.0,6324571.0
1187,2006,New Zealand,0.0,4390620.0,4390620.0
1178,2006,Greece,0.0,2803352.0,2803352.0
1189,2006,Portugal,0.0,2556983.0,2556983.0
1174,2006,Czech Republic,0.0,918070.0,918070.0
1183,2006,Liechtenstein,0.0,121077.0,121077.0
1185,2006,Monaco,0.0,119315.0,119315.0
1159,2005,Japan,0.0,2566817614.0,2566817614.0
1169,2005,United States,0.0,1350566958.0,1350566958.0
1154,2005,Germany,0.0,846945037.0,846945037.0
1168,2005,United Kingdom,0.0,822343669.0,822343669.0
1153,2005,France,0.0,275332592.0,275332592.0
1161,2005,Netherlands,0.0,233003711.0,233003711.0
1151,2005,Denmark,0.0,125145775.0,125145775.0
1167,2005,Sweden,0.0,89823816.0,89823816.0
1163,2005,Norway,0.0,83655835.0,83655835.0
1166,2005,Spain,0.0,81547019.0,81547019.0
1158,2005,Italy,0.0,69732388.0,69732388.0
1149,2005,Canada,0.0,66617166.0,66617166.0
1152,2005,Finland,0.0,50908114.0,50908114.0
1148,2005,Belgium,0.0,48285276.0,48285276.0
1147,2005,Australia,0.0,28927690.0,28927690.0
1157,2005,Ireland,0.0,28639372.0,28639372.0
1160,2005,Luxembourg,0.0,13121625.0,13121625.0
1162,2005,New Zealand,0.0,5156674.0,5156674.0
1155,2005,Greece,0.0,3084323.0,3084323.0
1164,2005,Portugal,0.0,2827761.0,2827761.0
1165,2005,Slovak Republic,0.0,326093.0,326093.0
1156,2005,Hungary,0.0,254145.0,254145.0
1150,2005,Cyprus,0.0,5599.0,5599.0
1135,2004,Japan,0.0,2545515962.0,2545515962.0
1146,2004,United States,0.0,1328167876.0,1328167876.0
1145,2004,United Kingdom,0.0,879595860.0,879595860.0
1131,2004,France,0.0,596317633.0,596317633.0
1128,2004,Canada,0.0,172189837.0,172189837.0
1138,2004,Netherlands,0.0,91745692.0,91745692.0
1134,2004,Italy,0.0,65385193.0,65385193.0
1142,2004,Spain,0.0,62843645.0,62843645.0
1144,2004,Switzerland,0.0,61749696.0,61749696.0
1143,2004,Sweden,0.0,58723484.0,58723484.0
1127,2004,Belgium,0.0,52561101.0,52561101.0
1140,2004,Norway,0.0,41531404.0,41531404.0
1129,2004,Denmark,0.0,25482007.0,25482007.0
1133,2004,Ireland,0.0,23980282.0,23980282.0
1130,2004,Finland,0.0,23784055.0,23784055.0
1126,2004,Australia,0.0,17256770.0,17256770.0
1137,2004,Luxembourg,0.0,10034092.0,10034092.0
1139,2004,New Zealand,0.0,5342910.0,5342910.0
1141,2004,Portugal,0.0,2805269.0,2805269.0
1132,2004,Greece,0.0,875060.0,875060.0
1136,2004,Liechtenstein,0.0,216815.0,216815.0
1115,2003,Japan,0.0,2147321397.0,2147321397.0
1125,2003,United States,0.0,1258474359.0,1258474359.0
1124,2003,United Kingdom,0.0,838243526.0,838243526.0
1112,2003,Germany,0.0,717917759.0,717917759.0
1111,2003,France,0.0,507020648.0,507020648.0
1118,2003,Netherlands,0.0,212985661.0,212985661.0
1108,2003,Canada,0.0,154336187.0,154336187.0
1122,2003,Spain,0.0,134313618.0,134313618.0
1123,2003,Sweden,0.0,109071656.0,109071656.0
1105,2003,Australia,0.0,94571888.0,94571888.0
1107,2003,Belgium,0.0,58875247.0,58875247.0
1106,2003,Austria,0.0,57940744.0,57940744.0
1109,2003,Denmark,0.0,57028037.0,57028037.0
1120,2003,Norway,0.0,38448603.0,38448603.0
1114,2003,Ireland,0.0,27083746.0,27083746.0
1110,2003,Finland,0.0,19462895.0,19462895.0
1113,2003,Greece,0.0,9823209.0,9823209.0
1119,2003,New Zealand,0.0,5429394.0,5429394.0
1121,2003,Portugal,0.0,1051124.0,1051124.0
1117,2003,Luxembourg,0.0,830472.0,830472.0
1116,2003,Liechtenstein,0.0,544967.0,544967.0
1097,2002,Japan,0.0,2561928262.0,2561928262.0
1094,2002,Germany,0.0,744664103.0,744664103.0
1104,2002,United Kingdom,0.0,650113998.0,650113998.0
1093,2002,France,0.0,534709591.0,534709591.0
1098,2002,Netherlands,0.0,452558367.0,452558367.0
1091,2002,Denmark,0.0,91324907.0,91324907.0
1102,2002,Spain,0.0,76217540.0,76217540.0
1100,2002,Norway,0.0,73856084.0,73856084.0
1090,2002,Belgium,0.0,63495593.0,63495593.0
1103,2002,Sweden,0.0,48750953.0,48750953.0
1092,2002,Finland,0.0,35865984.0,35865984.0
1096,2002,Italy,0.0,31576918.0,31576918.0
1101,2002,Portugal,0.0,7394633.0,7394633.0
1099,2002,New Zealand,0.0,3965321.0,3965321.0
1095,2002,Greece,0.0,3051811.0,3051811.0
1089,2001,United States,0.0,4136147099.0,4136147099.0
1079,2001,Japan,0.0,1017504389.0,1017504389.0
1077,2001,Germany,0.0,891724108.0,891724108.0
1088,2001,United Kingdom,0.0,687651442.0,687651442.0
1076,2001,France,0.0,621418995.0,621418995.0
1082,2001,Netherlands,0.0,416890876.0,416890876.0
1073,2001,Canada,0.0,349119993.0,349119993.0
1083,2001,Norway,0.0,209376138.0,209376138.0
1071,2001,Australia,0.0,99427776.0,99427776.0
1086,2001,Sweden,0.0,95729319.0,95729319.0
1087,2001,Switzerland,0.0,93682742.0,93682742.0
1074,2001,Denmark,0.0,77063923.0,77063923.0
1085,2001,Spain,0.0,71240556.0,71240556.0
1078,2001,Italy,0.0,61884442.0,61884442.0
1072,2001,Belgium,0.0,31859079.0,31859079.0
1075,2001,Finland,0.0,17586870.0,17586870.0
1081,2001,Luxembourg,0.0,4867259.0,4867259.0
1084,2001,Portugal,0.0,4477740.0,4477740.0
1080,2001,Liechtenstein,0.0,264468.0,264468.0
1070,2000,United States,0.0,6008166308.0,6008166308.0
1062,2000,Japan,0.0,1310812373.0,1310812373.0
1069,2000,United Kingdom,0.0,725259608.0,725259608.0
1060,2000,France,0.0,526519855.0,526519855.0
1057,2000,Canada,0.0,356912625.0,356912625.0
1061,2000,Germany,0.0,350983095.0,350983095.0
1065,2000,Norway,0.0,127714893.0,127714893.0
1054,2000,Australia,0.0,115957719.0,115957719.0
1064,2000,Netherlands,0.0,106331706.0,106331706.0
1068,2000,Sweden,0.0,68464897.0,68464897.0
1067,2000,Spain,0.0,59684269.0,59684269.0
1055,2000,Austria,0.0,41623882.0,41623882.0
1058,2000,Denmark,0.0,37463179.0,37463179.0
1056,2000,Belgium,0.0,32342289.0,32342289.0
1059,2000,Finland,0.0,23911436.0,23911436.0
1066,2000,Portugal,0.0,2738129.0,2738129.0
1063,2000,Liechtenstein,0.0,380208.0,380208.0
1053,1999,United States,0.0,7962084321.0,7962084321.0
1052,1999,United Kingdom,0.0,847273116.0,847273116.0
1044,1999,Germany,0.0,530422355.0,530422355.0
1040,1999,Canada,0.0,434102951.0,434102951.0
1043,1999,France,0.0,195502185.0,195502185.0
1050,1999,Sweden,0.0,121378837.0,121378837.0
1051,1999,Switzerland,0.0,104482040.0,104482040.0
1047,1999,Norway,0.0,92238378.0,92238378.0
1037,1999,Australia,0.0,87775767.0,87775767.0
1049,1999,Spain,0.0,79380361.0,79380361.0
1041,1999,Denmark,0.0,75309242.0,75309242.0
1046,1999,Netherlands,0.0,55292716.0,55292716.0
1039,1999,Belgium,0.0,30505209.0,30505209.0
1038,1999,Austria,0.0,27735866.0,27735866.0
1045,1999,Italy,0.0,23505452.0,23505452.0
1042,1999,Finland,0.0,17111953.0,17111953.0
1048,1999,Portugal,0.0,2099809.0,2099809.0
1027,1998,Japan,0.0,4486462107.0,4486462107.0
1036,1998,United States,0.0,2460766389.0,2460766389.0
1035,1998,United Kingdom,0.0,703712023.0,703712023.0
1021,1998,Canada,0.0,385748294.0,385748294.0
1025,1998,Germany,0.0,323280491.0,323280491.0
1024,1998,France,0.0,218643543.0,218643543.0
1029,1998,Netherlands,0.0,127981057.0,127981057.0
1033,1998,Sweden,0.0,117646650.0,117646650.0
1034,1998,Switzerland,0.0,70204297.0,70204297.0
1030,1998,Norway,0.0,57457846.0,57457846.0
1032,1998,Spain,0.0,56295291.0,56295291.0
1020,1998,Belgium,0.0,25116690.0,25116690.0
1026,1998,Italy,0.0,24433295.0,24433295.0
1019,1998,Austria,0.0,17433736.0,17433736.0
1022,1998,Denmark,0.0,15650457.0,15650457.0
1023,1998,Finland,0.0,10099793.0,10099793.0
1031,1998,Portugal,0.0,100751.0,100751.0
1028,1998,Liechtenstein,0.0,98845.0,98845.0
1009,1997,Japan,0.0,10777668538.0,10777668538.0
1018,1997,United States,0.0,3423306503.0,3423306503.0
1007,1997,Germany,0.0,782428714.0,782428714.0
1017,1997,United Kingdom,0.0,734365792.0,734365792.0
1006,1997,France,0.0,181377579.0,181377579.0
1011,1997,Netherlands,0.0,166669840.0,166669840.0
1015,1997,Sweden,0.0,126686840.0,126686840.0
1003,1997,Canada,0.0,114731583.0,114731583.0
1016,1997,Switzerland,0.0,101719058.0,101719058.0
1000,1997,Australia,0.0,99085271.0,99085271.0
1004,1997,Denmark,0.0,79381953.0,79381953.0
1012,1997,Norway,0.0,71998190.0,71998190.0
1014,1997,Spain,0.0,61562728.0,61562728.0
1002,1997,Belgium,0.0,35402467.0,35402467.0
1005,1997,Finland,0.0,28181494.0,28181494.0
1001,1997,Austria,0.0,18810672.0,18810672.0
1008,1997,Italy,0.0,11342151.0,11342151.0
1013,1997,Portugal,0.0,344667.0,344667.0
1010,1997,Liechtenstein,0.0,104054.0,104054.0
999,1996,United States,0.0,4595800488.0,4595800488.0
990,1996,Japan,0.0,3905453074.0,3905453074.0
998,1996,United Kingdom,0.0,934520515.0,934520515.0
988,1996,Germany,0.0,474378180.0,474378180.0
992,1996,Netherlands,0.0,328972856.0,328972856.0
987,1996,France,0.0,310518112.0,310518112.0
985,1996,Denmark,0.0,244013860.0,244013860.0
984,1996,Canada,0.0,240599471.0,240599471.0
996,1996,Sweden,0.0,142391886.0,142391886.0
982,1996,Australia,0.0,80468022.0,80468022.0
993,1996,Norway,0.0,66497399.0,66497399.0
997,1996,Switzerland,0.0,63515858.0,63515858.0
995,1996,Spain,0.0,41887270.0,41887270.0
989,1996,Italy,0.0,26143275.0,26143275.0
983,1996,Belgium,0.0,25987887.0,25987887.0
986,1996,Finland,0.0,20289146.0,20289146.0
994,1996,Portugal,0.0,331133.0,331133.0
991,1996,Liechtenstein,0.0,141858.0,141858.0
981,1995,United States,0.0,3392574370.0,3392574370.0
971,1995,Germany,0.0,3308855279.0,3308855279.0
973,1995,Japan,0.0,2880751774.0,2880751774.0
972,1995,Italy,0.0,1397467126.0,1397467126.0
980,1995,United Kingdom,0.0,385163028.0,385163028.0
974,1995,Netherlands,0.0,284400704.0,284400704.0
978,1995,Sweden,0.0,233739645.0,233739645.0
970,1995,France,0.0,184288339.0,184288339.0
967,1995,Canada,0.0,140853583.0,140853583.0
976,1995,Norway,0.0,73931976.0,73931976.0
968,1995,Denmark,0.0,73451287.0,73451287.0
966,1995,Belgium,0.0,45999593.0,45999593.0
979,1995,Switzerland,0.0,37875588.0,37875588.0
977,1995,Spain,0.0,24737384.0,24737384.0
969,1995,Finland,0.0,20700602.0,20700602.0
965,1995,Austria,0.0,2349112.0,2349112.0
975,1995,New Zealand,0.0,1551034.0,1551034.0
964,1994,United States,0.0,8154319014.0,8154319014.0
956,1994,Japan,0.0,2667081144.0,2667081144.0
955,1994,Germany,0.0,380199578.0,380199578.0
963,1994,United Kingdom,0.0,297003626.0,297003626.0
958,1994,Netherlands,0.0,269718206.0,269718206.0
954,1994,France,0.0,242597753.0,242597753.0
961,1994,Sweden,0.0,171450490.0,171450490.0
959,1994,Norway,0.0,126824955.0,126824955.0
952,1994,Denmark,0.0,110637370.0,110637370.0
951,1994,Canada,0.0,83435990.0,83435990.0
962,1994,Switzerland,0.0,40395940.0,40395940.0
953,1994,Finland,0.0,30027227.0,30027227.0
950,1994,Belgium,0.0,26867841.0,26867841.0
960,1994,Spain,0.0,6797785.0,6797785.0
949,1994,Austria,0.0,496076.0,496076.0
957,1994,Liechtenstein,0.0,86232.0,86232.0
948,1993,United States,0.0,4501838784.0,4501838784.0
940,1993,Japan,0.0,2494054534.0,2494054534.0
939,1993,Germany,0.0,450749201.0,450749201.0
947,1993,United Kingdom,0.0,407941751.0,407941751.0
938,1993,France,0.0,246959806.0,246959806.0
943,1993,Netherlands,0.0,213700000.0,213700000.0
945,1993,Sweden,0.0,117438835.0,117438835.0
935,1993,Belgium,0.0,75567601.0,75567601.0
936,1993,Denmark,0.0,67062860.0,67062860.0
946,1993,Switzerland,0.0,43709522.0,43709522.0
944,1993,Spain,0.0,36693281.0,36693281.0
941,1993,Kuwait,0.0,25461230.0,25461230.0
937,1993,Finland,0.0,15643128.0,15643128.0
942,1993,Liechtenstein,0.0,124845.0,124845.0
934,1992,United States,0.0,11399278504.0,11399278504.0
927,1992,Germany,0.0,8552232648.0,8552232648.0
929,1992,Japan,0.0,2865776832.0,2865776832.0
933,1992,United Kingdom,0.0,1055458482.0,1055458482.0
922,1992,Belgium,0.0,470688315.0,470688315.0
931,1992,Sweden,0.0,272478628.0,272478628.0
930,1992,Netherlands,0.0,269752132.0,269752132.0
926,1992,France,0.0,220827059.0,220827059.0
923,1992,Canada,0.0,203523019.0,203523019.0
928,1992,Italy,0.0,170049742.0,170049742.0
925,1992,Finland,0.0,69776266.0,69776266.0
924,1992,Denmark,0.0,40778102.0,40778102.0
932,1992,Switzerland,0.0,31332667.0,31332667.0
921,1992,Austria,0.0,7690278.0,7690278.0
913,1991,Japan,0.0,4702296751.0,4702296751.0
920,1991,United States,0.0,2887003516.0,2887003516.0
905,1991,Australia,0.0,518306838.0,518306838.0
911,1991,Germany,0.0,323668836.0,323668836.0
919,1991,United Kingdom,0.0,270595943.0,270595943.0
914,1991,Netherlands,0.0,233871628.0,233871628.0
917,1991,Sweden,0.0,173278658.0,173278658.0
918,1991,Switzerland,0.0,157754122.0,157754122.0
912,1991,Italy,0.0,138712028.0,138712028.0
916,1991,Spain,0.0,134873730.0,134873730.0
908,1991,Denmark,0.0,80582842.0,80582842.0
907,1991,Canada,0.0,79132048.0,79132048.0
910,1991,France,0.0,75995551.0,75995551.0
915,1991,Norway,0.0,58788041.0,58788041.0
906,1991,Austria,0.0,43662774.0,43662774.0
909,1991,Finland,0.0,30659992.0,30659992.0
894,1990,Germany,0.0,3382157543.0,3382157543.0
896,1990,Japan,0.0,2604458951.0,2604458951.0
904,1990,United States,0.0,1722305682.0,1722305682.0
893,1990,France,0.0,586988135.0,586988135.0
901,1990,Sweden,0.0,400387605.0,400387605.0
903,1990,United Kingdom,0.0,270402953.0,270402953.0
898,1990,Netherlands,0.0,207980200.0,207980200.0
889,1990,Belgium,0.0,187058124.0,187058124.0
890,1990,Canada,0.0,146349000.0,146349000.0
895,1990,Italy,0.0,136489843.0,136489843.0
902,1990,Switzerland,0.0,123834846.0,123834846.0
887,1990,Australia,0.0,93432068.0,93432068.0
891,1990,Denmark,0.0,58616306.0,58616306.0
900,1990,Spain,0.0,33912950.0,33912950.0
899,1990,Norway,0.0,22442656.0,22442656.0
892,1990,Finland,0.0,4220992.0,4220992.0
888,1990,Austria,0.0,3458667.0,3458667.0
897,1990,Liechtenstein,0.0,299897.0,299897.0
875,1989,Germany,0.0,3020847013.0,3020847013.0
886,1989,United States,0.0,1065107732.0,1065107732.0
883,1989,Sweden,0.0,946284591.0,946284591.0
877,1989,Japan,0.0,582793544.0,582793544.0
880,1989,Netherlands,0.0,472821276.0,472821276.0
874,1989,France,0.0,469783071.0,469783071.0
885,1989,United Kingdom,0.0,269229353.0,269229353.0
871,1989,Belgium,0.0,183930257.0,183930257.0
869,1989,Australia,0.0,163270223.0,163270223.0
872,1989,Denmark,0.0,133430275.0,133430275.0
876,1989,Italy,0.0,112626078.0,112626078.0
882,1989,Spain,0.0,100535177.0,100535177.0
884,1989,Switzerland,0.0,75386666.0,75386666.0
881,1989,Norway,0.0,51903997.0,51903997.0
878,1989,Kuwait,0.0,43493083.0,43493083.0
870,1989,Austria,0.0,18299145.0,18299145.0
873,1989,Finland,0.0,16608550.0,16608550.0
879,1989,Liechtenstein,0.0,11161.0,11161.0
862,1988,Japan,0.0,3320238368.0,3320238368.0
868,1988,United States,0.0,1051167154.0,1051167154.0
860,1988,Germany,0.0,757183394.0,757183394.0
863,1988,Netherlands,0.0,277081548.0,277081548.0
859,1988,France,0.0,274040470.0,274040470.0
865,1988,Sweden,0.0,185535976.0,185535976.0
856,1988,Canada,0.0,149433255.0,149433255.0
857,1988,Denmark,0.0,119577810.0,119577810.0
861,1988,Italy,0.0,116403581.0,116403581.0
867,1988,United Kingdom,0.0,80251575.0,80251575.0
866,1988,Switzerland,0.0,32738889.0,32738889.0
864,1988,Norway,0.0,20840875.0,20840875.0
854,1988,Australia,0.0,1758350.0,1758350.0
858,1988,Finland,0.0,447649.0,447649.0
855,1988,Austria,0.0,400964.0,400964.0
853,1987,United States,0.0,1846214071.0,1846214071.0
852,1987,United Kingdom,0.0,829894066.0,829894066.0
845,1987,Germany,0.0,788040730.0,788040730.0
847,1987,Netherlands,0.0,573020364.0,573020364.0
841,1987,Canada,0.0,331152346.0,331152346.0
846,1987,Italy,0.0,282071099.0,282071099.0
844,1987,France,0.0,254311333.0,254311333.0
848,1987,Norway,0.0,244641035.0,244641035.0
842,1987,Denmark,0.0,149837777.0,149837777.0
851,1987,Switzerland,0.0,87982342.0,87982342.0
849,1987,Saudi Arabia,0.0,72707674.0,72707674.0
850,1987,Sweden,0.0,72374249.0,72374249.0
839,1987,Australia,0.0,18309923.0,18309923.0
843,1987,Finland,0.0,1482877.0,1482877.0
840,1987,Austria,0.0,77374.0,77374.0
838,1986,United States,0.0,1334668057.0,1334668057.0
830,1986,Germany,0.0,539033266.0,539033266.0
827,1986,Canada,0.0,392105553.0,392105553.0
833,1986,Netherlands,0.0,379878579.0,379878579.0
829,1986,France,0.0,296394154.0,296394154.0
837,1986,United Kingdom,0.0,227395004.0,227395004.0
835,1986,Sweden,0.0,198445181.0,198445181.0
828,1986,Denmark,0.0,110720962.0,110720962.0
832,1986,Kuwait,0.0,84167688.0,84167688.0
831,1986,Italy,0.0,48874532.0,48874532.0
836,1986,Switzerland,0.0,35598036.0,35598036.0
825,1986,Australia,0.0,25229662.0,25229662.0
826,1986,Austria,0.0,15801537.0,15801537.0
834,1986,Norway,0.0,9848663.0,9848663.0
824,1985,United States,0.0,2735617446.0,2735617446.0
816,1985,Germany,0.0,1590619838.0,1590619838.0
815,1985,France,0.0,212486003.0,212486003.0
817,1985,Italy,0.0,164182162.0,164182162.0
814,1985,Denmark,0.0,154044569.0,154044569.0
813,1985,Canada,0.0,146523445.0,146523445.0
821,1985,Sweden,0.0,123903610.0,123903610.0
811,1985,Austria,0.0,87348212.0,87348212.0
820,1985,Norway,0.0,85932533.0,85932533.0
818,1985,Netherlands,0.0,75285016.0,75285016.0
822,1985,Switzerland,0.0,52165585.0,52165585.0
810,1985,Australia,0.0,6929573.0,6929573.0
819,1985,New Zealand,0.0,4831732.0,4831732.0
812,1985,Belgium,0.0,4191839.0,4191839.0
823,1985,United Kingdom,0.0,1255318.0,1255318.0
809,1984,United States,0.0,2515278485.0,2515278485.0
802,1984,Germany,0.0,950183614.0,950183614.0
808,1984,United Kingdom,0.0,753538727.0,753538727.0
801,1984,France,0.0,367362828.0,367362828.0
804,1984,Netherlands,0.0,192857428.0,192857428.0
806,1984,Sweden,0.0,133481767.0,133481767.0
807,1984,Switzerland,0.0,116248354.0,116248354.0
805,1984,Norway,0.0,101664449.0,101664449.0
803,1984,Kuwait,0.0,27051193.0,27051193.0
800,1984,Australia,0.0,3698286.0,3698286.0
791,1983,Japan,0.0,1760860027.0,1760860027.0
799,1983,United States,0.0,1091122225.0,1091122225.0
798,1983,United Kingdom,0.0,571679920.0,571679920.0
790,1983,Germany,0.0,494657126.0,494657126.0
794,1983,Netherlands,0.0,305883422.0,305883422.0
797,1983,Switzerland,0.0,190427090.0,190427090.0
789,1983,France,0.0,164059809.0,164059809.0
792,1983,Kuwait,0.0,154970641.0,154970641.0
787,1983,Canada,0.0,148016945.0,148016945.0
796,1983,Sweden,0.0,136226862.0,136226862.0
788,1983,Denmark,0.0,84368125.0,84368125.0
786,1983,Belgium,0.0,46243316.0,46243316.0
785,1983,Austria,0.0,17235616.0,17235616.0
784,1983,Australia,0.0,7388539.0,7388539.0
795,1983,New Zealand,0.0,216892.0,216892.0
793,1983,Liechtenstein,0.0,63282.0,63282.0
783,1982,United States,0.0,3462490652.0,3462490652.0
776,1982,Japan,0.0,1471338041.0,1471338041.0
775,1982,Germany,0.0,853843929.0,853843929.0
782,1982,United Kingdom,0.0,775334730.0,775334730.0
774,1982,France,0.0,446543740.0,446543740.0
777,1982,Kuwait,0.0,181627819.0,181627819.0
779,1982,Netherlands,0.0,163308875.0,163308875.0
780,1982,Sweden,0.0,147903816.0,147903816.0
773,1982,Denmark,0.0,122090821.0,122090821.0
781,1982,Switzerland,0.0,63684924.0,63684924.0
778,1982,Liechtenstein,0.0,734297.0,734297.0
772,1981,United States,0.0,8124423748.0,8124423748.0
768,1981,Germany,0.0,751727169.0,751727169.0
769,1981,Netherlands,0.0,270695825.0,270695825.0
767,1981,Denmark,0.0,215721283.0,215721283.0
771,1981,Switzerland,0.0,18045799.0,18045799.0
770,1981,New Zealand,0.0,752775.0,752775.0
766,1980,United States,0.0,6864224034.0,6864224034.0
762,1980,Germany,0.0,654031054.0,654031054.0
764,1980,Netherlands,0.0,352628199.0,352628199.0
763,1980,Kuwait,0.0,23153412.0,23153412.0
765,1980,Switzerland,0.0,10028652.0,10028652.0
754,1979,Japan,0.0,1014747194.0,1014747194.0
753,1979,Germany,0.0,787807347.0,787807347.0
761,1979,United States,0.0,717779582.0,717779582.0
758,1979,Sweden,0.0,253701905.0,253701905.0
757,1979,Norway,0.0,140327273.0,140327273.0
756,1979,Netherlands,0.0,82256186.0,82256186.0
750,1979,Canada,0.0,80241209.0,80241209.0
759,1979,Switzerland,0.0,67821487.0,67821487.0
755,1979,Kuwait,0.0,59307807.0,59307807.0
751,1979,Denmark,0.0,35943903.0,35943903.0
749,1979,Belgium,0.0,30801519.0,30801519.0
752,1979,France,0.0,25058027.0,25058027.0
747,1979,Australia,0.0,9763598.0,9763598.0
760,1979,United Kingdom,0.0,5012313.0,5012313.0
748,1979,Austria,0.0,2480539.0,2480539.0
739,1978,Japan,0.0,1429326640.0,1429326640.0
745,1978,United Kingdom,0.0,971709388.0,971709388.0
743,1978,Sweden,0.0,472112462.0,472112462.0
746,1978,United States,0.0,438452911.0,438452911.0
738,1978,Germany,0.0,410412482.0,410412482.0
741,1978,Netherlands,0.0,231844808.0,231844808.0
742,1978,Norway,0.0,147255461.0,147255461.0
740,1978,Kuwait,0.0,103885863.0,103885863.0
735,1978,Canada,0.0,100516271.0,100516271.0
737,1978,France,0.0,97437457.0,97437457.0
732,1978,Australia,0.0,47483698.0,47483698.0
744,1978,Switzerland,0.0,35883359.0,35883359.0
734,1978,Belgium,0.0,32189217.0,32189217.0
733,1978,Austria,0.0,27058314.0,27058314.0
736,1978,Denmark,0.0,2086036.0,2086036.0
723,1977,Japan,0.0,1479116934.0,1479116934.0
730,1977,United Kingdom,0.0,860011341.0,860011341.0
722,1977,Germany,0.0,617148856.0,617148856.0
727,1977,Saudi Arabia,0.0,540365522.0,540365522.0
725,1977,Netherlands,0.0,352515092.0,352515092.0
731,1977,United States,0.0,246198361.0,246198361.0
721,1977,France,0.0,168900067.0,168900067.0
728,1977,Sweden,0.0,143468255.0,143468255.0
720,1977,Denmark,0.0,112241594.0,112241594.0
729,1977,Switzerland,0.0,111194695.0,111194695.0
724,1977,Kuwait,0.0,86642765.0,86642765.0
716,1977,Australia,0.0,72648152.0,72648152.0
726,1977,Norway,0.0,60133610.0,60133610.0
719,1977,Canada,0.0,38957778.0,38957778.0
718,1977,Belgium,0.0,35853879.0,35853879.0
717,1977,Austria,0.0,2608725.0,2608725.0
715,1976,United States,0.0,897290248.0,897290248.0
707,1976,Japan,0.0,762168614.0,762168614.0
705,1976,Germany,0.0,639963734.0,639963734.0
709,1976,Netherlands,0.0,426349160.0,426349160.0
708,1976,Kuwait,0.0,206494798.0,206494798.0
704,1976,France,0.0,183658423.0,183658423.0
711,1976,Sweden,0.0,151806434.0,151806434.0
702,1976,Canada,0.0,116287322.0,116287322.0
713,1976,United Arab Emirates,0.0,64911546.0,64911546.0
714,1976,United Kingdom,0.0,51613566.0,51613566.0
712,1976,Switzerland,0.0,43577287.0,43577287.0
701,1976,Belgium,0.0,36126619.0,36126619.0
706,1976,Italy,0.0,35601469.0,35601469.0
703,1976,Denmark,0.0,28849377.0,28849377.0
699,1976,Australia,0.0,27718070.0,27718070.0
700,1976,Austria,0.0,12981849.0,12981849.0
710,1976,Norway,0.0,10419282.0,10419282.0
692,1975,Japan,0.0,1339039677.0,1339039677.0
698,1975,United States,0.0,944272511.0,944272511.0
691,1975,Germany,0.0,833859928.0,833859928.0
697,1975,United Kingdom,0.0,222187891.0,222187891.0
695,1975,Sweden,0.0,201059589.0,201059589.0
690,1975,France,0.0,192416969.0,192416969.0
693,1975,Netherlands,0.0,130708382.0,130708382.0
696,1975,Switzerland,0.0,103204755.0,103204755.0
688,1975,Canada,0.0,93027681.0,93027681.0
686,1975,Australia,0.0,77691781.0,77691781.0
694,1975,Norway,0.0,64575343.0,64575343.0
687,1975,Belgium,0.0,38863307.0,38863307.0
689,1975,Denmark,0.0,10392556.0,10392556.0
679,1974,Japan,0.0,2730202327.0,2730202327.0
684,1974,United Kingdom,0.0,1405378815.0,1405378815.0
685,1974,United States,0.0,871092243.0,871092243.0
678,1974,Germany,0.0,698168091.0,698168091.0
677,1974,France,0.0,367384662.0,367384662.0
680,1974,Netherlands,0.0,323468392.0,323468392.0
681,1974,Norway,0.0,94887523.0,94887523.0
675,1974,Canada,0.0,68502158.0,68502158.0
683,1974,Switzerland,0.0,64549529.0,64549529.0
676,1974,Denmark,0.0,56839286.0,56839286.0
674,1974,Belgium,0.0,43588598.0,43588598.0
682,1974,Sweden,0.0,30299330.0,30299330.0
672,1974,Australia,0.0,26950877.0,26950877.0
673,1974,Austria,0.0,24126329.0,24126329.0
671,1973,United States,0.0,1553264205.0,1553264205.0
665,1973,Japan,0.0,938965880.0,938965880.0
663,1973,Germany,0.0,562232384.0,562232384.0
670,1973,United Kingdom,0.0,442579189.0,442579189.0
661,1973,Canada,0.0,437928427.0,437928427.0
662,1973,France,0.0,247189555.0,247189555.0
668,1973,Sweden,0.0,168369255.0,168369255.0
664,1973,Italy,0.0,166719069.0,166719069.0
666,1973,Netherlands,0.0,162750945.0,162750945.0
659,1973,Australia,0.0,46285863.0,46285863.0
660,1973,Belgium,0.0,39251336.0,39251336.0
667,1973,Norway,0.0,35874848.0,35874848.0
669,1973,Switzerland,0.0,14060941.0,14060941.0
